Workbook

Sheet Dashboard
A1: Filament Inventory — Dashboard
A3: SUMMARY
A4: Total Spools in Stock | B4: =SUM(Inventory!N3:N67) -> 22
A5: Total Inventory Value | B5: =SUMPRODUCT(IF(Inventory!M3:M67="",0,Inventory!M3:M67)*IF(Inventory!N3:N67="",0,Inventory!N3:N67)) -> 419.26
A6: Items at Reorder Point | B6: =COUNTIF(Inventory!O3:O67,"*REORDER*") -> 8
A7: Reorder Threshold (from Config) | B7: =Config!$B$3 -> 1
A9: BY BRAND
A10: Brand | B10: Spools in Stock | C10: Total Value
A11: AzureFilm | B11: =IFERROR(SUMIF(Inventory!A3:A67,A11,Inventory!N3:N67),0) -> 3 | C11: =IFERROR(SUMPRODUCT((Inventory!A3:A67=A11)*IF(Inventory!M3:M67="",0,Inventory!M3:M67)*IF(Inventory!N3:N67="",0,Inventory!N3:N67)),0) -> 64.7
A12: Bambu Lab | B12: =IFERROR(SUMIF(Inventory!A3:A67,A12,Inventory!N3:N67),0) -> 3 | C12: =IFERROR(SUMPRODUCT((Inventory!A3:A67=A12)*IF(Inventory!M3:M67="",0,Inventory!M3:M67)*IF(Inventory!N3:N67="",0,Inventory!N3:N67)),0) -> 59.98
A13: Creality Hyper | B13: =IFERROR(SUMIF(Inventory!A3:A67,A13,Inventory!N3:N67),0) -> 1 | C13: =IFERROR(SUMPRODUCT((Inventory!A3:A67=A13)*IF(Inventory!M3:M67="",0,Inventory!M3:M67)*IF(Inventory!N3:N67="",0,Inventory!N3:N67)),0) -> 17.99
A14: Hatchbox | B14: =IFERROR(SUMIF(Inventory!A3:A67,A14,Inventory!N3:N67),0) -> 2 | C14: =IFERROR(SUMPRODUCT((Inventory!A3:A67=A14)*IF(Inventory!M3:M67="",0,Inventory!M3:M67)*IF(Inventory!N3:N67="",0,Inventory!N3:N67)),0) -> 39.98
A15: MatterHackers | B15: =IFERROR(SUMIF(Inventory!A3:A67,A15,Inventory!N3:N67),0) -> 1 | C15: =IFERROR(SUMPRODUCT((Inventory!A3:A67=A15)*IF(Inventory!M3:M67="",0,Inventory!M3:M67)*IF(Inventory!N3:N67="",0,Inventory!N3:N67)),0) -> 22.99
A16: Overture | B16: =IFERROR(SUMIF(Inventory!A3:A67,A16,Inventory!N3:N67),0) -> 3 | C16: =IFERROR(SUMPRODUCT((Inventory!A3:A67=A16)*IF(Inventory!M3:M67="",0,Inventory!M3:M67)*IF(Inventory!N3:N67="",0,Inventory!N3:N67)),0) -> 44.97
A17: Polymaker | B17: =IFERROR(SUMIF(Inventory!A3:A67,A17,Inventory!N3:N67),0) -> 2 | C17: =IFERROR(SUMPRODUCT((Inventory!A3:A67=A17)*IF(Inventory!M3:M67="",0,Inventory!M3:M67)*IF(Inventory!N3:N67="",0,Inventory!N3:N67)),0) -> 39.98
A18: Prusament | B18: =IFERROR(SUMIF(Inventory!A3:A67,A18,Inventory!N3:N67),0) -> 1 | C18: =IFERROR(SUMPRODUCT((Inventory!A3:A67=A18)*IF(Inventory!M3:M67="",0,Inventory!M3:M67)*IF(Inventory!N3:N67="",0,Inventory!N3:N67)),0) -> 0
A19: SUNLU | B19: =IFERROR(SUMIF(Inventory!A3:A67,A19,Inventory!N3:N67),0) -> 3 | C19: =IFERROR(SUMPRODUCT((Inventory!A3:A67=A19)*IF(Inventory!M3:M67="",0,Inventory!M3:M67)*IF(Inventory!N3:N67="",0,Inventory!N3:N67)),0) -> 0
A20: VoxelPLA | B20: =IFERROR(SUMIF(Inventory!A3:A67,A20,Inventory!N3:N67),0) -> 0 | C20: =IFERROR(SUMPRODUCT((Inventory!A3:A67=A20)*IF(Inventory!M3:M67="",0,Inventory!M3:M67)*IF(Inventory!N3:N67="",0,Inventory!N3:N67)),0) -> 0
A21: eSUN | B21: =IFERROR(SUMIF(Inventory!A3:A67,A21,Inventory!N3:N67),0) -> 3 | C21: =IFERROR(SUMPRODUCT((Inventory!A3:A67=A21)*IF(Inventory!M3:M67="",0,Inventory!M3:M67)*IF(Inventory!N3:N67="",0,Inventory!N3:N67)),0) -> 0

Sheet Inventory
A1: Filament Inventory — On-Hand Spools (All Brands)
A2: Brand | B2: SKU | C2: Material Type | D2: Product Name | E2: Color Name | F2: Color Swatch | G2: Hex Code | H2: Diameter | I2: Lot / Batch Code | J2: Date Purchased | K2: Where Purchased | L2: List Price | M2: Price Paid | N2: Quantity in Stock | O2: Reorder Flag | P2: Opened / Sealed | Q2: Condition | R2: Moisture Rating | S2: Last Dried Date | T2: Notes | U2: Total Value
A3: AzureFilm | B3: AZ-PLA-WHT | C3: PLA | D3: AzureFilm Original PLA | E3: White | G3: #F3F3EB | H3: 1.75mm | K3: azurefilm.com | L3: 22.9 | M3: 19.9 | N3: 2 | O3: =IF(OR(N3="",Config!$B$3=""),"",IF(N3<=Config!$B$3,"⚠ REORDER","")) | P3: Sealed | Q3: New | R3: Dry | U3: =IF(OR(M3="",N3=""),0,M3*N3) -> 39.8
A4: AzureFilm | B4: AZ-PET-BLK | C4: PETG | D4: AzureFilm PETG | E4: Black | G4: #0D0D0D | H4: 1.75mm | K4: azurefilm.com | L4: 24.9 | M4: 24.9 | N4: 1 | O4: =IF(OR(N4="",Config!$B$3=""),"",IF(N4<=Config!$B$3,"⚠ REORDER","")) -> ⚠ REORDER | P4: Opened | Q4: Good | R4: Dry | U4: =IF(OR(M4="",N4=""),0,M4*N4) -> 24.9
A5: Bambu Lab | B5: BL-PETG-BK | C5: PETG Basic | D5: PETG Basic | E5: Black | G5: #000000 | H5: 1.75mm | K5: Bambu Lab | L5: 20 | M5: 20 | N5: 1 | O5: =IF(OR(N5="",Config!$B$3=""),"",IF(N5<=Config!$B$3,"⚠ REORDER","")) -> ⚠ REORDER | P5: Sealed | Q5: New | R5: Dry | U5: =IF(OR(M5="",N5=""),0,M5*N5) -> 20
A6: Bambu Lab | B6: BL-PLAB-WH | C6: PLA Basic | D6: PLA Basic | E6: Jade White | G6: #FFFFFF | H6: 1.75mm | K6: Bambu Lab | L6: 19.99 | M6: 19.99 | N6: 2 | O6: =IF(OR(N6="",Config!$B$3=""),"",IF(N6<=Config!$B$3,"⚠ REORDER","")) | P6: Opened | Q6: Good | R6: Dry | U6: =IF(OR(M6="",N6=""),0,M6*N6) -> 39.98
A7: Creality Hyper | B7: CRH-PLA-WH | C7: PLA | D7: Hyper PLA | E7: White | G7: #F5F5F5 | H7: 1.75mm | K7: Amazon | L7: 19.99 | M7: 17.99 | N7: 1 | O7: =IF(OR(N7="",Config!$B$3=""),"",IF(N7<=Config!$B$3,"⚠ REORDER","")) -> ⚠ REORDER | P7: Sealed | Q7: New | R7: Dry | U7: =IF(OR(M7="",N7=""),0,M7*N7) -> 17.99
A8: Hatchbox | B8: HX-PLA175-WH | C8: PLA | D8: Hatchbox PLA | E8: White | G8: #F5F5F5 | H8: 1.75mm | K8: Amazon | L8: 21.99 | M8: 19.99 | N8: 2 | O8: =IF(OR(N8="",Config!$B$3=""),"",IF(N8<=Config!$B$3,"⚠ REORDER","")) | P8: Opened | Q8: Good | R8: OK | T8: Using AMS Adapter Ring | U8: =IF(OR(M8="",N8=""),0,M8*N8) -> 39.98
A9: MatterHackers | B9: MH-PRO-PLA-WH | C9: PLA (PRO Series) | D9: PRO Series PLA | E9: White | G9: #F5F5F5 | H9: 1.75mm | K9: MatterHackers | L9: 22.99 | M9: 22.99 | N9: 1 | O9: =IF(OR(N9="",Config!$B$3=""),"",IF(N9<=Config!$B$3,"⚠ REORDER","")) -> ⚠ REORDER | P9: Sealed | Q9: New | R9: Dry | U9: =IF(OR(M9="",N9=""),0,M9*N9) -> 22.99
A10: Overture | B10: OV-PLA-BLA1 | C10: PLA | D10: Overture PLA | E10: Black | G10: #000000 | H10: 1.75mm | K10: overture3d.com | L10: 22.99 | M10: 13.99 | N10: 2 | O10: =IF(OR(N10="",Config!$B$3=""),"",IF(N10<=Config!$B$3,"⚠ REORDER","")) | P10: Sealed | Q10: New | R10: Dry | U10: =IF(OR(M10="",N10=""),0,M10*N10) -> 27.98
A11: Overture | B11: OV-MAT-BLA1 | C11: PLA Matte | D11: Overture Matte PLA | E11: Black | G11: #1D1E1E | H11: 1.75mm | K11: overture3d.com | L11: 20.99 | M11: 16.99 | N11: 1 | O11: =IF(OR(N11="",Config!$B$3=""),"",IF(N11<=Config!$B$3,"⚠ REORDER","")) -> ⚠ REORDER | P11: Sealed | Q11: New | R11: Dry | T11: New line added in deep-dive pass | U11: =IF(OR(M11="",N11=""),0,M11*N11) -> 16.99
A12: Polymaker | B12: PM-MAT-01 | C12: PLA Matte | D12: Panchroma Matte PLA | E12: Charcoal Black | G12: #1C1C1C | H12: 1.75mm | K12: shop.polymaker.com | L12: 21.99 | M12: 19.99 | N12: 2 | O12: =IF(OR(N12="",Config!$B$3=""),"",IF(N12<=Config!$B$3,"⚠ REORDER","")) | P12: Sealed | Q12: New | R12: Dry | U12: =IF(OR(M12="",N12=""),0,M12*N12) -> 39.98
A13: Prusament | B13: PRUSPL-GBKL | C13: PLA | D13: Prusament PLA | E13: Galaxy Black | G13: #1A1A2E | H13: 1.75mm | K13: Prusa3D | L13: 29.99 | M13: 29.99 | N13: 1 | O13: =IF(OR(N13="",Config!$B$3=""),"",IF(N13<=Config!$B$3,"⚠ REORDER","")) -> ⚠ REORDER | P13: Opened | Q13: Good | R13: Dry | T13: Custom +10°C profile set in Bambu Studio | U13: =IF(OR(M13="",N13=""),0,M13*N13) -> 29.99
A14: SUNLU | B14: SL-PLAP-01 | C14: PLA+ | D14: SUNLU PLA+ | E14: Black | G14: #000000 | H14: 1.75mm | K14: store.sunlu.com | L14: 18.99 | M14: 10.86 | N14: 2 | O14: =IF(OR(N14="",Config!$B$3=""),"",IF(N14<=Config!$B$3,"⚠ REORDER","")) | P14: Sealed | Q14: New | R14: Dry | U14: =IF(OR(M14="",N14=""),0,M14*N14) -> 21.72
A15: SUNLU | B15: SL-ASA-01 | C15: ASA | D15: SUNLU ASA | E15: Black | G15: #000000 | H15: 1.75mm | K15: Amazon | L15: 21.99 | M15: 19.99 | N15: 1 | O15: =IF(OR(N15="",Config!$B$3=""),"",IF(N15<=Config!$B$3,"⚠ REORDER","")) -> ⚠ REORDER | P15: Sealed | Q15: New | R15: Dry | T15: New line added in deep-dive pass | U15: =IF(OR(M15="",N15=""),0,M15*N15) -> 19.99
A16: eSUN | B16: E-PLAP-01 | C16: PLA+ | D16: eSUN PLA+ | E16: Black | G16: #0D0D0D | H16: 1.75mm | K16: esun3dstore.com | L16: 22.99 | M16: 15.99 | N16: 2 | O16: =IF(OR(N16="",Config!$B$3=""),"",IF(N16<=Config!$B$3,"⚠ REORDER","")) | P16: Sealed | Q16: New | R16: Dry | U16: =IF(OR(M16="",N16=""),0,M16*N16) -> 31.98
A17: eSUN | B17: E-ASAP-01 | C17: ASA | D17: eSUN ASA+ | E17: Black | G17: #0D0D0D | H17: 1.75mm | K17: esun3dstore.com | L17: 24.99 | M17: 24.99 | N17: 1 | O17: =IF(OR(N17="",Config!$B$3=""),"",IF(N17<=Config!$B$3,"⚠ REORDER","")) -> ⚠ REORDER | P17: Sealed | Q17: New | R17: Dry | T17: New line added in deep-dive pass | U17: =IF(OR(M17="",N17=""),0,M17*N17) -> 24.99
O18: =IF(OR(N18="",Config!$B$3=""),"",IF(N18<=Config!$B$3,"⚠ REORDER","")) | U18: =IF(OR(M18="",N18=""),0,M18*N18) -> 0
O19: =IF(OR(N19="",Config!$B$3=""),"",IF(N19<=Config!$B$3,"⚠ REORDER","")) | U19: =IF(OR(M19="",N19=""),0,M19*N19) -> 0
O20: =IF(OR(N20="",Config!$B$3=""),"",IF(N20<=Config!$B$3,"⚠ REORDER","")) | U20: =IF(OR(M20="",N20=""),0,M20*N20) -> 0
O21: =IF(OR(N21="",Config!$B$3=""),"",IF(N21<=Config!$B$3,"⚠ REORDER","")) | U21: =IF(OR(M21="",N21=""),0,M21*N21) -> 0
O22: =IF(OR(N22="",Config!$B$3=""),"",IF(N22<=Config!$B$3,"⚠ REORDER","")) | U22: =IF(OR(M22="",N22=""),0,M22*N22) -> 0
O23: =IF(OR(N23="",Config!$B$3=""),"",IF(N23<=Config!$B$3,"⚠ REORDER","")) | U23: =IF(OR(M23="",N23=""),0,M23*N23) -> 0
O24: =IF(OR(N24="",Config!$B$3=""),"",IF(N24<=Config!$B$3,"⚠ REORDER","")) | U24: =IF(OR(M24="",N24=""),0,M24*N24) -> 0
O25: =IF(OR(N25="",Config!$B$3=""),"",IF(N25<=Config!$B$3,"⚠ REORDER","")) | U25: =IF(OR(M25="",N25=""),0,M25*N25) -> 0
O26: =IF(OR(N26="",Config!$B$3=""),"",IF(N26<=Config!$B$3,"⚠ REORDER","")) | U26: =IF(OR(M26="",N26=""),0,M26*N26) -> 0
O27: =IF(OR(N27="",Config!$B$3=""),"",IF(N27<=Config!$B$3,"⚠ REORDER","")) | U27: =IF(OR(M27="",N27=""),0,M27*N27) -> 0
O28: =IF(OR(N28="",Config!$B$3=""),"",IF(N28<=Config!$B$3,"⚠ REORDER","")) | U28: =IF(OR(M28="",N28=""),0,M28*N28) -> 0
O29: =IF(OR(N29="",Config!$B$3=""),"",IF(N29<=Config!$B$3,"⚠ REORDER","")) | U29: =IF(OR(M29="",N29=""),0,M29*N29) -> 0
... O67: =IF(OR(N67="",Config!$B$3=""),"",IF(N67<=Config!$B$3,"⚠ REORDER","")) | U67: =IF(OR(M67="",N67=""),0,M67*N67) -> 0

Sheet Config
A1: ⚙ Configuration
A2: Setting | B2: Value | C2: Notes
A3: Reorder Threshold | B3: 1 | C3: Reorder Flag fires when Qty in Stock <= this value
A4: File Version | B4: v1
A5: Generated | B5: 2026-07-25 | C5: Date this file was last generated by build_inventory.py
A6: Scope Note | B6: Covers on-hand spool inventory only, across all 11 brand catalogs. Catalog reference data (colors, hex, SKUs, tiers) lives in the per-brand workbooks. | C6: Split from per-brand Inventory Tracker sheets, 2026-07-23
